"Debt service indicators of households, national balance sheet accounts"
"Frequency: Quarterly"
"Table: 11-10-0065-01"
"Release date: 2021-09-10"
"Geography: Canada"
""
""

,"Seasonally adjusted at annual rates",,,,,,,,,,,,,,,,,,,,,,,,,,,,,,,,,,,,,,,,,,,,,,,,,,,,,,,,,,,,,,,,,,,,,,,,,,,,,,,,,,,,,,,,,,,,,,,,,,,,,,,,,,,,,,,,,,,,,,,,,,,,,
,"Canada",,,,,,,,,,,,,,,,,,,,,,,,,,,,,,,,,,,,,,,,,,,,,,,,,,,,,,,,,,,,,,,,,,,,,,,,,,,,,,,,,,,,,,,,,,,,,,,,,,,,,,,,,,,,,,,,,,,,,,,,,,,,,
"Estimates","Q1 1990","Q2 1990","Q3 1990","Q4 1990","Q1 1991","Q2 1991","Q3 1991","Q4 1991","Q1 1992","Q2 1992","Q3 1992","Q4 1992","Q1 1993","Q2 1993","Q3 1993","Q4 1993","Q1 1994","Q2 1994","Q3 1994","Q4 1994","Q1 1995","Q2 1995","Q3 1995","Q4 1995","Q1 1996","Q2 1996","Q3 1996","Q4 1996","Q1 1997","Q2 1997","Q3 1997","Q4 1997","Q1 1998","Q2 1998","Q3 1998","Q4 1998","Q1 1999","Q2 1999","Q3 1999","Q4 1999","Q1 2000","Q2 2000","Q3 2000","Q4 2000","Q1 2001","Q2 2001","Q3 2001","Q4 2001","Q1 2002","Q2 2002","Q3 2002","Q4 2002","Q1 2003","Q2 2003","Q3 2003","Q4 2003","Q1 2004","Q2 2004","Q3 2004","Q4 2004","Q1 2005","Q2 2005","Q3 2005","Q4 2005","Q1 2006","Q2 2006","Q3 2006","Q4 2006","Q1 2007","Q2 2007","Q3 2007","Q4 2007","Q1 2008","Q2 2008","Q3 2008","Q4 2008","Q1 2009","Q2 2009","Q3 2009","Q4 2009","Q1 2010","Q2 2010","Q3 2010","Q4 2010","Q1 2011","Q2 2011","Q3 2011","Q4 2011","Q1 2012","Q2 2012","Q3 2012","Q4 2012","Q1 2013","Q2 2013","Q3 2013","Q4 2013","Q1 2014","Q2 2014","Q3 2014","Q4 2014","Q1 2015","Q2 2015","Q3 2015","Q4 2015","Q1 2016","Q2 2016","Q3 2016","Q4 2016","Q1 2017","Q2 2017","Q3 2017","Q4 2017","Q1 2018","Q2 2018","Q3 2018","Q4 2018","Q1 2019","Q2 2019","Q3 2019","Q4 2019","Q1 2020","Q2 2020","Q3 2020","Q4 2020","Q1 2021","Q2 2021"
"Household income  (x 1,000,000)","615,496","626,452","631,908","638,984","640,844","648,248","652,668","654,384","658,604","664,280","667,800","669,188","676,464","679,832","681,600","682,432","685,640","692,764","701,280","708,180","715,664","722,476","727,596","730,372","733,988","737,104","742,812","750,800","755,312","764,380","776,752","783,004","795,624","804,440","810,304","824,148","828,032","841,284","851,248","862,888","881,080","897,340","911,920","921,880","940,528","943,860","945,100","948,636","953,464","957,496","967,944","982,888","988,888","992,224","1,001,496","1,013,376","1,031,976","1,046,444","1,059,880","1,072,216","1,080,420","1,101,560","1,116,248","1,129,340","1,165,716","1,171,792","1,197,376","1,217,940","1,238,828","1,267,240","1,278,304","1,294,092","1,321,476","1,321,288","1,333,848","1,328,292","1,322,648","1,316,688","1,327,080","1,336,012","1,345,604","1,363,764","1,376,060","1,402,528","1,417,848","1,431,612","1,445,464","1,456,528","1,479,616","1,492,748","1,508,396","1,522,516","1,542,000","1,551,472","1,565,760","1,583,824","1,594,888","1,607,092","1,625,304","1,638,136","1,665,948","1,685,208","1,697,072","1,708,408","1,683,472","1,696,164","1,709,168","1,728,392","1,739,208","1,765,116","1,796,740","1,818,752","1,830,204","1,841,324","1,860,080","1,888,908","1,898,892","1,933,260","1,948,564","1,977,040","1,984,744","2,104,396","2,064,628","2,055,212","2,091,124","2,132,464"
"Compensation of employees  (x 1,000,000)","364,088","369,216","370,736","373,644","375,700","378,296","382,092","384,708","385,772","388,852","390,612","392,372","394,736","395,572","397,400","397,864","400,020","406,436","409,944","413,332","416,724","419,180","423,184","424,560","425,292","427,752","432,716","440,404","444,648","452,076","462,084","464,676","471,336","478,032","482,644","490,048","493,660","501,928","510,664","521,016","533,368","550,308","558,168","563,992","570,140","572,916","575,092","578,964","586,108","592,032","599,780","609,212","613,824","615,924","621,740","630,912","641,972","653,456","661,952","667,240","675,680","686,756","698,516","709,480","719,292","732,208","743,484","754,300","768,088","780,652","786,024","795,488","809,336","818,472","822,476","822,148","812,092","807,084","808,080","814,968","820,544","829,788","840,236","853,192","869,600","875,820","884,344","894,816","904,796","916,868","928,328","935,968","947,684","953,120","962,004","973,916","981,384","991,524","1,004,236","1,007,844","1,019,332","1,025,220","1,026,512","1,027,908","1,018,556","1,020,468","1,024,384","1,033,160","1,043,448","1,055,656","1,075,132","1,091,856","1,109,260","1,116,080","1,125,156","1,138,720","1,148,180","1,163,792","1,178,132","1,193,364","1,179,104","1,078,336","1,162,392","1,192,044","1,217,548","1,235,224"
"Net mixed income  (x 1,000,000)","68,496","68,580","69,024","68,920","69,932","71,564","71,916","72,084","73,356","73,692","74,524","75,368","75,388","77,364","78,192","78,600","79,520","80,396","81,136","82,256","82,892","83,808","85,476","85,888","86,708","87,756","88,464","88,088","88,372","89,060","90,020","90,936","92,580","93,416","94,436","95,928","95,908","97,556","98,592","99,176","101,096","101,776","103,112","105,024","106,528","106,948","108,048","109,020","109,972","111,004","112,056","113,948","114,980","115,584","117,036","118,532","119,924","121,912","123,232","124,132","123,772","125,056","126,580","127,244","127,496","130,548","132,096","133,872","136,668","138,312","139,368","141,020","143,616","144,612","144,984","142,456","142,312","143,912","145,460","146,996","147,392","149,728","152,364","155,036","155,284","156,856","158,536","160,028","161,544","161,536","163,516","165,128","166,168","167,244","168,224","169,220","168,968","171,856","173,060","174,432","175,608","177,252","178,332","180,796","182,032","183,900","183,256","185,120","186,528","189,220","191,424","194,124","191,456","193,052","194,816","199,996","199,820","202,516","206,008","210,312","212,016","203,620","211,684","213,812","218,548","223,096"
"Property income received 1  (x 1,000,000)","102,048","106,588","108,008","107,100","105,476","102,988","101,088","98,800","98,544","97,968","96,200","94,136","94,500","94,128","92,688","92,780","91,180","91,216","95,568","97,364","100,624","104,008","103,504","103,760","104,168","103,792","103,376","103,312","103,084","103,408","103,048","102,440","105,312","106,516","105,972","109,056","110,176","112,564","112,776","111,648","114,132","115,532","119,424","120,240","118,116","118,900","116,016","114,736","111,560","107,900","108,524","109,400","107,668","108,264","109,816","108,952","111,864","111,344","113,972","115,656","118,932","123,188","125,208","124,552","132,644","131,764","139,144","144,868","146,808","157,064","154,488","156,308","161,332","159,204","161,884","157,632","156,108","152,396","151,440","148,480","150,976","151,372","152,084","155,644","160,164","160,500","165,612","162,384","167,848","170,236","170,120","173,140","172,356","174,252","177,040","177,720","181,320","181,524","180,156","184,504","189,180","196,588","200,988","206,120","184,940","187,088","190,544","195,440","193,672","199,320","207,564","208,200","202,760","200,432","204,724","208,476","208,176","215,116","215,168","218,528","218,080","213,036","207,128","208,952","209,808","213,260"
"Current transfers received  (x 1,000,000)","80,864","82,068","84,140","89,320","89,736","95,400","97,572","98,792","100,932","103,768","106,464","107,312","111,840","112,768","113,320","113,188","114,920","114,716","114,632","115,228","115,424","115,480","115,432","116,164","117,820","117,804","118,256","118,996","119,208","119,836","121,600","124,952","126,396","126,476","127,252","129,116","128,288","129,236","129,216","131,048","132,484","129,724","131,216","132,624","145,744","145,096","145,944","145,916","145,824","146,560","147,584","150,328","152,416","152,452","152,904","154,980","158,216","159,732","160,724","165,188","162,036","166,560","165,944","168,064","186,284","177,272","182,652","184,900","187,264","191,212","198,424","201,276","207,192","199,000","204,504","206,056","212,136","213,296","222,100","225,568","226,692","232,876","231,376","238,656","232,800","238,436","236,972","239,300","245,428","244,108","246,432","248,280","255,792","256,856","258,492","262,968","263,216","262,188","267,852","271,356","281,828","286,148","291,240","293,584","297,944","304,708","310,984","314,672","315,560","320,920","322,620","324,572","326,728","331,760","335,384","341,716","342,716","351,836","349,256","354,836","375,544","609,404","483,424","440,404","445,220","460,884"
"Household outlays  (x 1,000,000)","589,856","610,364","608,044","611,668","608,556","630,308","629,176","627,508","638,304","638,260","633,376","644,920","652,112","639,992","660,032","668,480","669,236","673,268","686,444","694,480","700,912","709,180","719,864","720,384","728,660","734,624","742,344","755,248","764,640","777,668","783,420","791,568","802,932","817,200","815,228","823,716","834,100","846,520","859,048","872,780","892,948","907,744","921,712","927,212","932,344","955,660","942,572","947,124","953,676","969,888","977,456","996,864","998,800","1,010,312","1,027,104","1,031,644","1,054,688","1,061,448","1,074,504","1,090,688","1,114,928","1,130,372","1,148,904","1,156,972","1,185,020","1,200,260","1,215,632","1,228,984","1,247,776","1,294,192","1,310,380","1,328,952","1,351,168","1,343,952","1,347,604","1,326,604","1,319,040","1,316,092","1,322,476","1,332,472","1,331,812","1,369,336","1,378,720","1,402,604","1,420,016","1,441,096","1,453,264","1,457,020","1,479,840","1,491,848","1,501,896","1,516,896","1,526,784","1,542,024","1,562,168","1,577,248","1,592,884","1,615,828","1,627,360","1,647,740","1,653,464","1,671,892","1,690,312","1,709,764","1,717,012","1,715,084","1,724,276","1,744,464","1,769,068","1,790,248","1,806,984","1,832,660","1,858,676","1,877,128","1,902,748","1,914,728","1,935,080","1,959,572","1,972,360","1,996,620","1,961,692","1,719,344","1,912,356","1,921,272","1,943,176","1,961,972"
"Property income paid 1  (x 1,000,000)","42,248","43,660","44,732","44,972","45,368","44,392","43,656","43,052","41,464","40,936","40,196","40,604","37,960","37,500","36,628","36,368","36,308","36,200","37,260","38,388","40,648","41,904","41,772","41,588","40,996","40,512","39,560","38,688","36,096","35,440","35,304","35,272","36,672","36,632","37,680","38,608","37,116","36,556","36,152","35,800","38,820","41,192","42,168","44,208","43,412","42,168","40,752","38,484","36,932","36,520","37,276","38,472","38,884","38,440","39,628","39,372","40,096","39,868","39,820","40,840","41,848","42,864","44,264","44,260","48,124","52,224","53,820","56,360","57,888","60,484","61,700","65,180","65,040","64,416","65,260","60,968","59,084","55,832","54,692","52,628","53,260","53,944","53,976","55,392","55,516","55,064","54,572","53,168","55,268","55,424","55,976","55,724","55,700","55,568","56,696","56,964","55,344","55,688","55,920","56,476","57,612","56,100","55,052","55,372","55,052","56,996","56,464","57,108","57,924","59,428","60,512","62,880","65,444","68,484","72,084","77,316","78,716","79,556","80,624","79,876","78,408","72,624","70,808","69,448","68,216","69,176"
"Current transfers paid  (x 1,000,000)","169,968","190,140","182,188","181,780","178,244","191,816","188,812","187,264","197,212","194,528","185,288","193,060","199,228","183,748","200,268","203,968","199,324","202,044","209,876","210,156","213,100","214,688","219,988","219,712","220,832","222,892","227,920","231,192","233,920","241,604","240,168","241,920","250,584","257,188","249,232","253,572","256,612","261,588","264,584","270,004","278,592","282,940","283,716","281,868","282,556","298,896","285,348","285,368","282,160","284,980","283,512","291,612","286,976","294,444","300,376","304,912","313,832","312,220","317,612","325,280","334,716","339,004","347,100","347,468","357,752","358,980","362,312","365,756","368,680","396,360","402,096","400,796","412,828","398,852","393,872","394,056","393,636","386,632","381,352","379,444","367,044","395,952","394,012","402,012","411,944","422,900","428,032","421,864","434,904","443,236","445,460","452,276","450,060","453,888","460,640","466,364","471,860","478,080","478,252","487,180","490,588","501,588","505,692","515,112","520,776","511,048","511,680","517,040","523,276","526,572","532,308","539,448","549,580","554,080","563,252","566,688","574,008","585,896","587,772","599,956","591,112","543,040","581,976","583,056","591,064","599,536"
"Household final consumption expenditure  (x 1,000,000)","377,640","376,564","381,124","384,916","384,944","394,100","396,708","397,192","399,628","402,796","407,892","411,256","414,924","418,744","423,136","428,144","433,604","435,024","439,308","445,936","447,164","452,588","458,104","459,084","466,832","471,220","474,864","485,368","494,624","500,624","507,948","514,376","515,676","523,380","528,316","531,536","540,372","548,376","558,312","566,976","575,536","583,612","595,828","601,136","606,376","614,596","616,472","623,272","634,584","648,388","656,668","666,780","672,940","677,428","687,100","687,360","700,760","709,360","717,072","724,568","738,364","748,504","757,540","765,244","779,144","789,056","799,500","806,868","821,208","837,348","846,584","862,976","873,300","880,684","888,472","871,580","866,320","873,628","886,432","900,400","911,508","919,440","930,732","945,200","952,556","963,132","970,660","981,988","989,668","993,188","1,000,460","1,008,896","1,021,024","1,032,568","1,044,832","1,053,920","1,065,680","1,082,060","1,093,188","1,104,084","1,105,264","1,114,204","1,129,568","1,139,280","1,141,184","1,147,040","1,156,132","1,170,316","1,187,868","1,204,248","1,214,164","1,230,332","1,243,652","1,254,564","1,267,412","1,270,724","1,282,356","1,294,120","1,303,964","1,316,788","1,292,172","1,103,680","1,259,572","1,268,768","1,283,896","1,293,260"
"Disposable income   (x 1,000,000)","403,280","392,652","404,988","412,232","417,232","412,040","420,200","424,068","419,928","428,816","442,316","435,524","439,276","458,584","444,704","442,096","450,008","454,520","454,144","459,636","461,916","465,884","465,836","469,072","472,160","473,700","475,332","480,920","485,296","487,336","501,280","505,812","508,368","510,620","523,392","531,968","534,304","543,140","550,512","557,084","563,668","573,208","586,036","595,804","614,560","602,796","619,000","624,784","634,372","635,996","647,156","652,804","663,028","659,340","661,492","669,092","678,048","694,356","702,448","706,096","703,856","719,692","724,884","737,612","759,840","760,588","781,244","795,824","812,260","810,396","814,508","828,116","843,608","858,020","874,716","873,268","869,928","874,224","891,036","903,940","925,300","913,868","928,072","945,124","950,388","953,648","962,860","981,496","989,444","994,088","1,006,960","1,014,516","1,036,240","1,042,016","1,048,424","1,060,496","1,067,684","1,073,324","1,091,132","1,094,480","1,117,748","1,127,520","1,136,328","1,137,924","1,107,644","1,128,120","1,141,024","1,154,244","1,158,008","1,179,116","1,203,920","1,216,424","1,215,180","1,218,760","1,224,744","1,244,904","1,246,168","1,267,808","1,280,168","1,297,208","1,315,224","1,488,732","1,411,844","1,402,708","1,431,844","1,463,752"
"Plus: Interest paid  (x 1,000,000)","47,900","49,316","50,484","51,148","51,488","50,612","50,052","49,208","47,964","47,448","46,736","47,076","44,380","43,924","42,952","42,768","42,724","42,708","44,004","45,012","47,220","48,604","48,344","48,208","47,896","47,568","46,788","45,892","44,288","43,944","43,864","44,412","45,588","45,964","47,112","47,972","47,064","46,476","46,276","46,612","49,616","52,336","53,300","54,876","55,320","54,120","52,612","50,736","48,956","48,820","50,036","51,772","51,152","52,100","53,628","53,236","54,360","54,012","54,036","54,456","56,852","57,984","59,112","59,048","63,740","67,196","70,404","72,720","74,536","77,560","79,796","82,652","83,084","82,820","82,676","79,092","75,316","72,208","71,920","71,640","72,184","73,588","73,276","74,460","76,288","74,740","75,100","75,272","74,804","75,632","75,752","74,904","75,880","76,156","77,104","77,100","76,988","76,972","77,516","78,252","78,208","76,780","77,248","77,076","77,260","78,916","78,228","79,048","79,960","81,108","82,732","85,600","88,164","91,648","94,804","99,928","101,216","102,364","103,744","103,016","101,948","96,912","94,456","93,224","92,196","92,704"
"Equals: disposable income before payment of interest 2  (x 1,000,000)","451,180","441,968","455,472","463,380","468,720","462,652","470,252","473,276","467,892","476,264","489,052","482,600","483,656","502,508","487,656","484,864","492,732","497,228","498,148","504,648","509,136","514,488","514,180","517,280","520,056","521,268","522,120","526,812","529,584","531,280","545,144","550,224","553,956","556,584","570,504","579,940","581,368","589,616","596,788","603,696","613,284","625,544","639,336","650,680","669,880","656,916","671,612","675,520","683,328","684,816","697,192","704,576","714,180","711,440","715,120","722,328","732,408","748,368","756,484","760,552","760,708","777,676","783,996","796,660","823,580","827,784","851,648","868,544","886,796","887,956","894,304","910,768","926,692","940,840","957,392","952,360","945,244","946,432","962,956","975,580","997,484","987,456","1,001,348","1,019,584","1,026,676","1,028,388","1,037,960","1,056,768","1,064,248","1,069,720","1,082,712","1,089,420","1,112,120","1,118,172","1,125,528","1,137,596","1,144,672","1,150,296","1,168,648","1,172,732","1,195,956","1,204,300","1,213,576","1,215,000","1,184,904","1,207,036","1,219,252","1,233,292","1,237,968","1,260,224","1,286,652","1,302,024","1,303,344","1,310,408","1,319,548","1,344,832","1,347,384","1,370,172","1,383,912","1,400,224","1,417,172","1,585,644","1,506,300","1,495,932","1,524,040","1,556,456"
"Total debt payments 2  (x 1,000,000)","54,768","55,796","56,544","56,716","56,824","55,844","55,884","55,596","54,808","54,740","54,432","55,416","53,876","53,236","53,028","53,400","54,180","54,716","56,140","57,280","60,204","60,520","60,604","60,920","61,240","61,732","62,124","61,860","62,248","62,608","63,376","64,824","66,900","67,824","69,832","70,592","70,748","70,348","70,832","72,392","74,228","76,532","78,064","79,492","80,032","79,904","79,776","78,836","79,164","80,096","82,084","83,388","85,252","86,928","88,112","89,256","90,428","91,560","92,912","95,396","98,648","101,268","103,152","106,472","109,820","114,104","117,920","120,968","124,360","127,816","131,704","135,416","136,272","137,192","137,724","136,224","132,836","132,024","131,932","133,088","135,460","137,788","139,744","141,340","142,644","143,920","144,592","145,944","146,796","147,792","149,136","149,728","151,248","152,792","154,296","155,540","156,524","158,124","160,712","163,376","165,404","165,568","165,620","165,604","166,568","168,620","169,884","171,416","174,348","177,660","180,768","184,760","188,432","191,924","195,336","199,120","201,924","205,644","208,336","210,428","209,004","192,432","198,548","202,768","204,996","207,320"
"Mortgage debt payments 2  (x 1,000,000)","28,916","29,328","29,904","30,508","31,572","31,860","32,048","32,304","31,956","32,240","32,424","32,352","31,604","31,428","30,900","30,824","31,244","30,836","31,384","31,840","32,932","32,888","32,984","32,908","32,896","32,844","32,660","32,280","31,996","31,708","31,588","31,652","32,092","31,744","32,584","32,592","31,924","31,432","31,360","32,068","33,060","34,000","34,324","34,580","34,676","34,684","34,628","34,380","34,944","35,136","35,696","35,740","36,624","36,960","37,232","37,772","38,152","38,660","39,124","39,852","40,752","41,780","42,644","43,812","44,748","46,284","47,784","48,872","50,440","51,884","53,476","55,820","56,284","57,356","57,792","57,048","56,836","57,436","57,812","58,288","58,692","59,760","60,588","61,224","61,620","62,092","62,304","63,144","63,864","64,444","65,184","65,752","66,684","67,452","68,572","69,288","70,096","70,868","71,656","72,364","73,024","73,204","73,964","74,784","75,532","76,612","77,564","78,264","79,248","80,400","81,424","83,552","85,188","86,616","87,884","89,868","91,556","93,188","94,668","95,960","96,716","91,048","95,788","98,020","100,048","101,340"
"Non-mortgage debt payments 2  (x 1,000,000)","25,852","26,468","26,640","26,208","25,252","23,984","23,836","23,292","22,852","22,500","22,008","23,064","22,272","21,808","22,128","22,576","22,936","23,880","24,756","25,440","27,272","27,632","27,620","28,012","28,344","28,888","29,464","29,580","30,252","30,900","31,788","33,172","34,808","36,080","37,248","38,000","38,824","38,916","39,472","40,324","41,168","42,532","43,740","44,912","45,356","45,220","45,148","44,456","44,220","44,960","46,388","47,648","48,628","49,968","50,880","51,484","52,276","52,900","53,788","55,544","57,896","59,488","60,508","62,660","65,072","67,820","70,136","72,096","73,920","75,932","78,228","79,596","79,988","79,836","79,932","79,176","76,000","74,588","74,120","74,800","76,768","78,028","79,156","80,116","81,024","81,828","82,288","82,800","82,932","83,348","83,952","83,976","84,564","85,340","85,724","86,252","86,428","87,256","89,056","91,012","92,380","92,364","91,656","90,820","91,036","92,008","92,320","93,152","95,100","97,260","99,344","101,208","103,244","105,308","107,452","109,252","110,368","112,456","113,668","114,468","112,288","101,384","102,760","104,748","104,948","105,980"
"Total obligated payments of principal 2  (x 1,000,000)","6,868","6,480","6,060","5,568","5,336","5,232","5,832","6,388","6,844","7,292","7,696","8,340","9,496","9,312","10,076","10,632","11,456","12,008","12,136","12,268","12,984","11,916","12,260","12,712","13,344","14,164","15,336","15,968","17,960","18,664","19,512","20,412","21,312","21,860","22,720","22,620","23,684","23,872","24,556","25,780","24,612","24,196","24,764","24,616","24,712","25,784","27,164","28,100","30,208","31,276","32,048","31,616","34,100","34,828","34,484","36,020","36,068","37,548","38,876","40,940","41,796","43,284","44,040","47,424","46,080","46,908","47,516","48,248","49,824","50,256","51,908","52,764","53,188","54,372","55,048","57,132","57,520","59,816","60,012","61,448","63,276","64,200","66,468","66,880","66,356","69,180","69,492","70,672","71,992","72,160","73,384","74,824","75,368","76,636","77,192","78,440","79,536","81,152","83,196","85,124","87,196","88,788","88,372","88,528","89,308","89,704","91,656","92,368","94,388","96,552","98,036","99,160","100,268","100,276","100,532","99,192","100,708","103,280","104,592","107,412","107,056","95,520","104,092","109,544","112,800","114,616"
"Obligated mortgage principal payments 2  (x 1,000,000)","1,668","1,440","1,440","1,488","1,464","1,600","1,688","1,552","1,872","1,984","2,136","1,848","2,972","2,372","2,344","2,672","2,896","2,968","2,988","2,932","3,204","2,796","3,028","3,088","3,128","3,304","3,624","3,556","4,076","3,924","4,076","4,408","4,728","4,504","4,812","4,588","5,692","5,300","5,564","5,840","5,376","5,752","6,064","5,524","5,704","6,028","6,304","6,616","7,588","7,888","8,200","7,880","8,472","8,444","8,708","9,264","9,672","10,400","10,824","11,224","11,492","11,844","12,080","12,672","12,732","12,760","13,312","13,508","13,880","13,960","14,212","15,148","14,968","16,372","16,280","18,488","18,852","19,988","19,736","20,420","20,772","21,084","22,348","22,132","22,116","22,764","23,532","24,404","24,924","25,316","25,716","26,512","26,860","27,676","28,004","28,656","28,972","29,836","30,400","30,900","31,600","33,316","34,104","34,980","36,316","36,260","37,052","37,916","38,700","39,340","39,576","39,780","39,720","39,552","39,260","37,396","38,652","39,432","40,140","41,920","43,272","38,056","43,592","46,912","48,928","50,336"
"Obligated non-mortgage principal payments 2  (x 1,000,000)","5,200","5,040","4,620","4,080","3,872","3,632","4,144","4,836","4,972","5,308","5,560","6,492","6,524","6,940","7,732","7,960","8,560","9,040","9,148","9,336","9,780","9,120","9,232","9,624","10,216","10,860","11,712","12,412","13,884","14,740","15,436","16,004","16,584","17,356","17,908","18,032","17,992","18,572","18,992","19,940","19,236","18,444","18,700","19,092","19,008","19,756","20,860","21,484","22,620","23,388","23,848","23,736","25,628","26,384","25,776","26,756","26,396","27,148","28,052","29,716","30,304","31,440","31,960","34,752","33,348","34,148","34,204","34,740","35,944","36,296","37,696","37,616","38,220","38,000","38,768","38,644","38,668","39,828","40,276","41,028","42,504","43,116","44,120","44,748","44,240","46,416","45,960","46,268","47,068","46,844","47,668","48,312","48,508","48,960","49,188","49,784","50,564","51,316","52,796","54,224","55,596","55,472","54,268","53,548","52,992","53,444","54,604","54,452","55,688","57,212","58,460","59,380","60,548","60,724","61,272","61,796","62,056","63,848","64,452","65,492","63,784","57,464","60,500","62,632","63,872","64,280"
"Total interest paid 2  (x 1,000,000)","47,900","49,316","50,484","51,148","51,488","50,612","50,052","49,208","47,964","47,448","46,736","47,076","44,380","43,924","42,952","42,768","42,724","42,708","44,004","45,012","47,220","48,604","48,344","48,208","47,896","47,568","46,788","45,892","44,288","43,944","43,864","44,412","45,588","45,964","47,112","47,972","47,064","46,476","46,276","46,612","49,616","52,336","53,300","54,876","55,320","54,120","52,612","50,736","48,956","48,820","50,036","51,772","51,152","52,100","53,628","53,236","54,360","54,012","54,036","54,456","56,852","57,984","59,112","59,048","63,740","67,196","70,404","72,720","74,536","77,560","79,796","82,652","83,084","82,820","82,676","79,092","75,316","72,208","71,920","71,640","72,184","73,588","73,276","74,460","76,288","74,740","75,100","75,272","74,804","75,632","75,752","74,904","75,880","76,156","77,104","77,100","76,988","76,972","77,516","78,252","78,208","76,780","77,248","77,076","77,260","78,916","78,228","79,048","79,960","81,108","82,732","85,600","88,164","91,648","94,804","99,928","101,216","102,364","103,744","103,016","101,948","96,912","94,456","93,224","92,196","92,704"
"Mortgage interest paid 2  (x 1,000,000)","27,248","27,888","28,464","29,020","30,108","30,260","30,360","30,752","30,084","30,256","30,288","30,504","28,632","29,056","28,556","28,152","28,348","27,868","28,396","28,908","29,728","30,092","29,956","29,820","29,768","29,540","29,036","28,724","27,920","27,784","27,512","27,244","27,364","27,240","27,772","28,004","26,232","26,132","25,796","26,228","27,684","28,248","28,260","29,056","28,972","28,656","28,324","27,764","27,356","27,248","27,496","27,860","28,152","28,516","28,524","28,508","28,480","28,260","28,300","28,628","29,260","29,936","30,564","31,140","32,016","33,524","34,472","35,364","36,560","37,924","39,264","40,672","41,316","40,984","41,512","38,560","37,984","37,448","38,076","37,868","37,920","38,676","38,240","39,092","39,504","39,328","38,772","38,740","38,940","39,128","39,468","39,240","39,824","39,776","40,568","40,632","41,124","41,032","41,256","41,464","41,424","39,888","39,860","39,804","39,216","40,352","40,512","40,348","40,548","41,060","41,848","43,772","45,468","47,064","48,624","52,472","52,904","53,756","54,528","54,040","53,444","52,992","52,196","51,108","51,120","51,004"
"Non-mortgage interest paid 2  (x 1,000,000)","20,652","21,428","22,020","22,128","21,380","20,352","19,692","18,456","17,880","17,192","16,448","16,572","15,748","14,868","14,396","14,616","14,376","14,840","15,608","16,104","17,492","18,512","18,388","18,388","18,128","18,028","17,752","17,168","16,368","16,160","16,352","17,168","18,224","18,724","19,340","19,968","20,832","20,344","20,480","20,384","21,932","24,088","25,040","25,820","26,348","25,464","24,288","22,972","21,600","21,572","22,540","23,912","23,000","23,584","25,104","24,728","25,880","25,752","25,736","25,828","27,592","28,048","28,548","27,908","31,724","33,672","35,932","37,356","37,976","39,636","40,532","41,980","41,768","41,836","41,164","40,532","37,332","34,760","33,844","33,772","34,264","34,912","35,036","35,368","36,784","35,412","36,328","36,532","35,864","36,504","36,284","35,664","36,056","36,380","36,536","36,468","35,864","35,940","36,260","36,788","36,784","36,892","37,388","37,272","38,044","38,564","37,716","38,700","39,412","40,048","40,884","41,828","42,696","44,584","46,180","47,456","48,312","48,608","49,216","48,976","48,504","43,920","42,260","42,116","41,076","41,700"
"Of which: consumer debt  2  (x 1,000,000)","16,024","16,732","17,300","17,504","17,092","16,324","15,860","14,848","14,372","13,828","13,268","13,048","12,612","11,936","11,440","11,656","11,400","11,692","12,348","12,776","13,760","14,844","14,796","14,800","14,816","14,784","14,624","14,280","13,552","13,384","13,564","14,168","14,904","15,408","15,812","16,372","17,380","16,988","17,124","16,960","18,444","20,468","21,420","22,152","22,516","21,884","20,788","19,808","18,700","18,660","19,476","20,816","19,932","20,432","22,032","21,680","22,956","22,952","22,912","22,884","24,420","24,884","25,304","24,432","27,960","29,628","31,636","32,948","33,520","34,908","35,716","37,036","36,916","37,228","36,668","36,312","33,724","31,444","30,672","30,604","31,008","31,380","31,428","31,648","32,996","31,612","32,620","32,736","32,048","32,580","32,428","31,868","32,172","32,484","32,548","32,468","31,824","31,904","32,176","32,652","32,492","32,332","33,508","32,808","33,592","33,976","33,252","34,148","34,488","35,072","35,708","36,628","36,948","38,436","39,856","40,740","41,564","41,836","42,200","41,880","41,356","38,100","36,556","36,136","35,168","35,988"
"Debt service ratio 2","12.14","12.62","12.41","12.24","12.12","12.07","11.88","11.75","11.71","11.49","11.13","11.48","11.14","10.59","10.87","11.01","11.00","11.00","11.27","11.35","11.82","11.76","11.79","11.78","11.78","11.84","11.90","11.74","11.75","11.78","11.63","11.78","12.08","12.19","12.24","12.17","12.17","11.93","11.87","11.99","12.10","12.23","12.21","12.22","11.95","12.16","11.88","11.67","11.59","11.70","11.77","11.84","11.94","12.22","12.32","12.36","12.35","12.23","12.28","12.54","12.97","13.02","13.16","13.36","13.33","13.78","13.85","13.93","14.02","14.39","14.73","14.87","14.71","14.58","14.39","14.30","14.05","13.95","13.70","13.64","13.58","13.95","13.96","13.86","13.89","13.99","13.93","13.81","13.79","13.82","13.77","13.74","13.60","13.66","13.71","13.67","13.67","13.75","13.75","13.93","13.83","13.75","13.65","13.63","14.06","13.97","13.93","13.90","14.08","14.10","14.05","14.19","14.46","14.65","14.80","14.81","14.99","15.01","15.05","15.03","14.75","12.14","13.18","13.55","13.45","13.32"
"Mortgage debt service ratio 2","6.41","6.64","6.57","6.58","6.74","6.89","6.82","6.83","6.83","6.77","6.63","6.70","6.53","6.25","6.34","6.36","6.34","6.20","6.30","6.31","6.47","6.39","6.41","6.36","6.33","6.30","6.26","6.13","6.04","5.97","5.79","5.75","5.79","5.70","5.71","5.62","5.49","5.33","5.25","5.31","5.39","5.44","5.37","5.31","5.18","5.28","5.16","5.09","5.11","5.13","5.12","5.07","5.13","5.20","5.21","5.23","5.21","5.17","5.17","5.24","5.36","5.37","5.44","5.50","5.43","5.59","5.61","5.63","5.69","5.84","5.98","6.13","6.07","6.10","6.04","5.99","6.01","6.07","6.00","5.97","5.88","6.05","6.05","6.00","6.00","6.04","6.00","5.98","6.00","6.02","6.02","6.04","6.00","6.03","6.09","6.09","6.12","6.16","6.13","6.17","6.11","6.08","6.09","6.16","6.37","6.35","6.36","6.35","6.40","6.38","6.33","6.42","6.54","6.61","6.66","6.68","6.80","6.80","6.84","6.85","6.82","5.74","6.36","6.55","6.56","6.51"
"Non-mortgage debt service ratio 2","5.73","5.99","5.85","5.66","5.39","5.18","5.07","4.92","4.88","4.72","4.50","4.78","4.60","4.34","4.54","4.66","4.65","4.80","4.97","5.04","5.36","5.37","5.37","5.42","5.45","5.54","5.64","5.61","5.71","5.82","5.83","6.03","6.28","6.48","6.53","6.55","6.68","6.60","6.61","6.68","6.71","6.80","6.84","6.90","6.77","6.88","6.72","6.58","6.47","6.57","6.65","6.76","6.81","7.02","7.11","7.13","7.14","7.07","7.11","7.30","7.61","7.65","7.72","7.87","7.90","8.19","8.24","8.30","8.34","8.55","8.75","8.74","8.63","8.49","8.35","8.31","8.04","7.88","7.70","7.67","7.70","7.90","7.90","7.86","7.89","7.96","7.93","7.84","7.79","7.79","7.75","7.71","7.60","7.63","7.62","7.58","7.55","7.59","7.62","7.76","7.72","7.67","7.55","7.47","7.68","7.62","7.57","7.55","7.68","7.72","7.72","7.77","7.92","8.04","8.14","8.12","8.19","8.21","8.21","8.17","7.92","6.39","6.82","7.00","6.89","6.81"
"Debt service ratio, interest only 2","10.62","11.16","11.08","11.04","10.98","10.94","10.64","10.40","10.25","9.96","9.56","9.75","9.18","8.74","8.81","8.82","8.67","8.59","8.83","8.92","9.27","9.45","9.40","9.32","9.21","9.13","8.96","8.71","8.36","8.27","8.05","8.07","8.23","8.26","8.26","8.27","8.10","7.88","7.75","7.72","8.09","8.37","8.34","8.43","8.26","8.24","7.83","7.51","7.16","7.13","7.18","7.35","7.16","7.32","7.50","7.37","7.42","7.22","7.14","7.16","7.47","7.46","7.54","7.41","7.74","8.12","8.27","8.37","8.41","8.73","8.92","9.07","8.97","8.80","8.64","8.30","7.97","7.63","7.47","7.34","7.24","7.45","7.32","7.30","7.43","7.27","7.24","7.12","7.03","7.07","7.00","6.88","6.82","6.81","6.85","6.78","6.73","6.69","6.63","6.67","6.54","6.38","6.37","6.34","6.52","6.54","6.42","6.41","6.46","6.44","6.43","6.57","6.76","6.99","7.18","7.43","7.51","7.47","7.50","7.36","7.19","6.11","6.27","6.23","6.05","5.96"
"Mortgage debt service ratio, interest only 2","6.04","6.31","6.25","6.26","6.42","6.54","6.46","6.50","6.43","6.35","6.19","6.32","5.92","5.78","5.86","5.81","5.75","5.60","5.70","5.73","5.84","5.85","5.83","5.76","5.72","5.67","5.56","5.45","5.27","5.23","5.05","4.95","4.94","4.89","4.87","4.83","4.51","4.43","4.32","4.34","4.51","4.52","4.42","4.47","4.32","4.36","4.22","4.11","4.00","3.98","3.94","3.95","3.94","4.01","3.99","3.95","3.89","3.78","3.74","3.76","3.85","3.85","3.90","3.91","3.89","4.05","4.05","4.07","4.12","4.27","4.39","4.47","4.46","4.36","4.34","4.05","4.02","3.96","3.95","3.88","3.80","3.92","3.82","3.83","3.85","3.82","3.74","3.67","3.66","3.66","3.65","3.60","3.58","3.56","3.60","3.57","3.59","3.57","3.53","3.54","3.46","3.31","3.28","3.28","3.31","3.34","3.32","3.27","3.28","3.26","3.25","3.36","3.49","3.59","3.68","3.90","3.93","3.92","3.94","3.86","3.77","3.34","3.47","3.42","3.35","3.28"
"Non-mortgage debt service ratio, interest only 2","4.58","4.85","4.83","4.78","4.56","4.40","4.19","3.90","3.82","3.61","3.36","3.43","3.26","2.96","2.95","3.01","2.92","2.98","3.13","3.19","3.44","3.60","3.58","3.55","3.49","3.46","3.40","3.26","3.09","3.04","3.00","3.12","3.29","3.36","3.39","3.44","3.58","3.45","3.43","3.38","3.58","3.85","3.92","3.97","3.93","3.88","3.62","3.40","3.16","3.15","3.23","3.39","3.22","3.31","3.51","3.42","3.53","3.44","3.40","3.40","3.63","3.61","3.64","3.50","3.85","4.07","4.22","4.30","4.28","4.46","4.53","4.61","4.51","4.45","4.30","4.26","3.95","3.67","3.51","3.46","3.44","3.54","3.50","3.47","3.58","3.44","3.50","3.46","3.37","3.41","3.35","3.27","3.24","3.25","3.25","3.21","3.13","3.12","3.10","3.14","3.08","3.06","3.08","3.07","3.21","3.19","3.09","3.14","3.18","3.18","3.18","3.21","3.28","3.40","3.50","3.53","3.59","3.55","3.56","3.50","3.42","2.77","2.81","2.82","2.70","2.68"
"Of which: consumer debt service ratio, interest only 2","3.55","3.79","3.80","3.78","3.65","3.53","3.37","3.14","3.07","2.90","2.71","2.70","2.61","2.38","2.35","2.40","2.31","2.35","2.48","2.53","2.70","2.89","2.88","2.86","2.85","2.84","2.80","2.71","2.56","2.52","2.49","2.57","2.69","2.77","2.77","2.82","2.99","2.88","2.87","2.81","3.01","3.27","3.35","3.40","3.36","3.33","3.10","2.93","2.74","2.72","2.79","2.95","2.79","2.87","3.08","3.00","3.13","3.07","3.03","3.01","3.21","3.20","3.23","3.07","3.39","3.58","3.71","3.79","3.78","3.93","3.99","4.07","3.98","3.96","3.83","3.81","3.57","3.32","3.19","3.14","3.11","3.18","3.14","3.10","3.21","3.07","3.14","3.10","3.01","3.05","3.00","2.93","2.89","2.91","2.89","2.85","2.78","2.77","2.75","2.78","2.72","2.68","2.76","2.70","2.83","2.81","2.73","2.77","2.79","2.78","2.78","2.81","2.83","2.93","3.02","3.03","3.08","3.05","3.05","2.99","2.92","2.40","2.43","2.42","2.31","2.31"

Footnotes:
1,"Property incomes are adjusted for the cost of financial services indirectly measured."
2,"Household debt service indicators."



"How to cite: Statistics Canada. Table 11-10-0065-01  Debt service indicators of households, national balance sheet accounts"
https://www150.statcan.gc.ca/t1/tbl1/en/tv.action?pid=1110006501